{"count":1,"self":78.48939519999999,"total":80.7460167,"children":{"InitializeActuators":{"count":1,"self":0.0030014,"total":0.0030014,"children":null},"InitializeSensors":{"count":1,"self":0.0045087999999999994,"total":0.0045087999999999994,"children":null},"AgentSendState":{"count":3766,"self":0.056087599999999994,"total":0.10392889999999999,"children":{"CollectObservations":{"count":377,"self":0.0081417,"total":0.0081417,"children":null},"WriteActionMask":{"count":377,"self":0.0010000999999999999,"total":0.0010000999999999999,"children":null},"RequestDecision":{"count":377,"self":0.0386995,"total":0.0386995,"children":null}}},"DecideAction":{"count":3766,"self":1.9210151999999998,"total":2.0452874999999997,"children":{"RayPerceptionSensor.Perceive":{"count":377,"self":0.12427229999999999,"total":0.12427229999999999,"children":null}}},"AgentAct":{"count":3766,"self":0.09789769999999999,"total":0.09789769999999999,"children":null}},"gauges":{"Security.CumulativeReward":{"count":10,"max":2,"min":1,"runningAverage":1.1,"value":1,"weightedAverage":1.10546875}},"metadata":{"timer_format_version":"0.1.0","start_time_seconds":"1705601721","unity_version":"2021.3.10f1","command_line_arguments":"C:\\Program Files\\Unity\\Hub\\Editor\\2021.3.10f1\\Editor\\Unity.exe -projectpath C:\/Users\/ADRIR\/OneDrive\/Escritorio\/IA\/IA_PECS -useHub -hubIPC -cloudEnvironment production","communication_protocol_version":"1.5.0","com.unity.ml-agents_version":"2.3.0-exp.3","scene_name":"MainScene","end_time_seconds":"1705601802"}}